1,Sharon,Brockman,sbrockman0@jugem.jp,eVBNIoG,http://dummyimage.com/178x100.png/ff4444/ffffff
2,Doralynn,Gleadhell,dgleadhell1@reference.com,Y66sAuiD,http://dummyimage.com/140x100.png/cc0000/ffffff
3,Elfrieda,Parman,eparman2@cyberchimps.com,mG4Pa6n,http://dummyimage.com/174x100.png/ff4444/ffffff
4,Athena,Alekhov,aalekhov3@virginia.edu,GHwzyRyY,http://dummyimage.com/191x100.png/cc0000/ffffff
5,Mel,Brands,mbrands4@globo.com,LoDCIlnr6,http://dummyimage.com/109x100.png/5fa2dd/ffffff
6,Daryle,Muckleston,dmuckleston5@psu.edu,FIzhFlMJpY,http://dummyimage.com/244x100.png/dddddd/000000
7,Vevay,Bernadzki,vbernadzki6@microsoft.com,hpOy2FJb10,http://dummyimage.com/143x100.png/cc0000/ffffff
8,Ulrick,Yeldham,uyeldham7@i2i.jp,fQAhWdz,http://dummyimage.com/243x100.png/cc0000/ffffff
9,Miquela,Fink,mfink8@unicef.org,aY1EsNDTt6w,http://dummyimage.com/159x100.png/cc0000/ffffff
10,Ruby,Bonsale,rbonsale9@cyberchimps.com,xr6EvgeK,http://dummyimage.com/242x100.png/cc0000/ffffff
11,Helsa,Heaphy,hheaphya@networkadvertising.org,DwhQO0xRejIM,http://dummyimage.com/133x100.png/ff4444/ffffff
12,Laney,Rouzet,lrouzetb@toplist.cz,YnND52TdMH2k,http://dummyimage.com/166x100.png/cc0000/ffffff
13,Marya,Almeida,malmeidac@blinklist.com,qlikrcEh4Tvl,http://dummyimage.com/129x100.png/5fa2dd/ffffff
14,Mack,Farrow,mfarrowd@wikimedia.org,yIGDzqY,http://dummyimage.com/182x100.png/5fa2dd/ffffff
15,Davie,Gillaspy,dgillaspye@ow.ly,q3qUeIjGpd3p,http://dummyimage.com/155x100.png/5fa2dd/ffffff
16,Bobinette,Well,bwellf@live.com,kHzCQH1P2S8i,http://dummyimage.com/170x100.png/5fa2dd/ffffff
17,Vivianne,Canadas,vcanadasg@earthlink.net,chlamdD,http://dummyimage.com/121x100.png/dddddd/000000
18,Angeline,Tyne,atyneh@archive.org,vbQUkhfXo1D,http://dummyimage.com/176x100.png/cc0000/ffffff
19,Matt,Heaviside,mheavisidei@reverbnation.com,12Uufrk1h,http://dummyimage.com/228x100.png/cc0000/ffffff
20,Ameline,Bancroft,abancroftj@who.int,5vq90U,http://dummyimage.com/118x100.png/dddddd/000000
21,Siegfried,Britland,sbritlandk@europa.eu,e1jco7oR,http://dummyimage.com/144x100.png/cc0000/ffffff
22,Arron,McSperrin,amcsperrinl@about.me,DLDCqZO,http://dummyimage.com/211x100.png/dddddd/000000
23,Jon,Fahrenbacher,jfahrenbacherm@telegraph.co.uk,td45LeJ3,http://dummyimage.com/140x100.png/5fa2dd/ffffff
24,Lilyan,Gatteridge,lgatteridgen@jiathis.com,Ah2BtmWgc20W,http://dummyimage.com/155x100.png/ff4444/ffffff
25,Gan,Tompkiss,gtompkisso@sina.com.cn,V4xT5h3,http://dummyimage.com/239x100.png/cc0000/ffffff
26,Cecil,Amys,camysp@rediff.com,KpdI1yx,http://dummyimage.com/215x100.png/dddddd/000000
27,Robin,Goldspink,rgoldspinkq@forbes.com,vkvie2,http://dummyimage.com/207x100.png/dddddd/000000
28,Anderson,Anselmi,aanselmir@wix.com,aFu0Su,http://dummyimage.com/155x100.png/5fa2dd/ffffff
29,Aland,Kavanagh,akavanaghs@princeton.edu,utGaZmXX9fRA,http://dummyimage.com/102x100.png/ff4444/ffffff
30,Alene,Gerrey,agerreyt@census.gov,2eY9VeS8xju,http://dummyimage.com/130x100.png/dddddd/000000
31,Denni,Crossingham,dcrossinghamu@cbc.ca,XqRNyh7LIY,http://dummyimage.com/203x100.png/ff4444/ffffff
32,Jacquelynn,Yepiskov,jyepiskovv@goodreads.com,iOkY0hlB9PgP,http://dummyimage.com/181x100.png/cc0000/ffffff
33,Robbie,Dermot,rdermotw@tmall.com,9wwxcRgwVpr,http://dummyimage.com/176x100.png/ff4444/ffffff
34,Candide,Bartolacci,cbartolaccix@ocn.ne.jp,t5vLURCUHT,http://dummyimage.com/171x100.png/dddddd/000000
35,Irita,MacNair,imacnairy@uol.com.br,kjsU1RKRW,http://dummyimage.com/145x100.png/5fa2dd/ffffff
36,Eben,Chupin,echupinz@disqus.com,IS6jq4LWEd7,http://dummyimage.com/249x100.png/5fa2dd/ffffff
37,Wadsworth,Tournay,wtournay10@imageshack.us,3ed7a3BC,http://dummyimage.com/178x100.png/dddddd/000000
38,Spenser,MacGarvey,smacgarvey11@cargocollective.com,8v5qz3rlSYnk,http://dummyimage.com/183x100.png/5fa2dd/ffffff
39,Leonidas,Settle,lsettle12@sitemeter.com,JRJ2GUvugw,http://dummyimage.com/103x100.png/cc0000/ffffff
40,Alexandro,Hughman,ahughman13@upenn.edu,nAhxlEDG,http://dummyimage.com/168x100.png/cc0000/ffffff
41,Raven,Rowena,rrowena14@wordpress.org,Eo2nxyeL,http://dummyimage.com/241x100.png/dddddd/000000
42,Gerrie,Jeromson,gjeromson15@bloglines.com,igfYAvzC,http://dummyimage.com/247x100.png/cc0000/ffffff
43,Skelly,Dew,sdew16@paginegialle.it,hhdG7NFO,http://dummyimage.com/121x100.png/5fa2dd/ffffff
44,Ulises,Kennaway,ukennaway17@hao123.com,uE4ElZom9b,http://dummyimage.com/132x100.png/dddddd/000000
45,Farah,Legister,flegister18@eepurl.com,esAHB6E1AGt,http://dummyimage.com/189x100.png/ff4444/ffffff
46,Baryram,Keneleyside,bkeneleyside19@unc.edu,SUlTERuNPfWr,http://dummyimage.com/165x100.png/ff4444/ffffff
47,Shae,Ebsworth,sebsworth1a@cnet.com,dfxG3A6R9o,http://dummyimage.com/230x100.png/5fa2dd/ffffff
48,Hieronymus,McRamsey,hmcramsey1b@usgs.gov,9eKMYBvCr,http://dummyimage.com/134x100.png/5fa2dd/ffffff
49,Justus,Crips,jcrips1c@about.me,Izcqpgj,http://dummyimage.com/172x100.png/ff4444/ffffff
50,Tory,Tripean,ttripean1d@tmall.com,2bhQR2hNTN,http://dummyimage.com/186x100.png/cc0000/ffffff
51,Fedora,Mullally,fmullally1e@dmoz.org,9ZSXxtg,http://dummyimage.com/135x100.png/ff4444/ffffff
52,Chiquia,Sheron,csheron1f@github.com,dQXdqaQ3H,http://dummyimage.com/235x100.png/dddddd/000000
53,Augustin,Stollenbecker,astollenbecker1g@wp.com,yTMjDd,http://dummyimage.com/231x100.png/cc0000/ffffff
54,Alejandrina,Coltart,acoltart1h@mashable.com,00qSXTCoFEP,http://dummyimage.com/159x100.png/ff4444/ffffff
55,Gianina,Gingel,ggingel1i@unesco.org,skYSFNog0D,http://dummyimage.com/243x100.png/dddddd/000000
56,Ardisj,Morrid,amorrid1j@instagram.com,9QBqMnJJcSek,http://dummyimage.com/135x100.png/ff4444/ffffff
57,Cornie,Ploughwright,cploughwright1k@ameblo.jp,qTOQ00xyB,http://dummyimage.com/214x100.png/cc0000/ffffff
58,Meade,Bouttell,mbouttell1l@mediafire.com,tAXiKyYRApix,http://dummyimage.com/122x100.png/dddddd/000000
59,Tyrone,Edensor,tedensor1m@oracle.com,8uqykGy7,http://dummyimage.com/232x100.png/ff4444/ffffff
60,Juliana,Mustin,jmustin1n@altervista.org,lPDiUT12DNce,http://dummyimage.com/127x100.png/ff4444/ffffff
61,Les,Salmon,lsalmon1o@theatlantic.com,NK8OCwPp,http://dummyimage.com/172x100.png/ff4444/ffffff
62,Jaimie,Jancso,jjancso1p@a8.net,3XHksEi,http://dummyimage.com/150x100.png/ff4444/ffffff
63,Humfrid,Mallender,hmallender1q@wisc.edu,NAf29CsQaHq,http://dummyimage.com/189x100.png/dddddd/000000
64,Marney,Baynes,mbaynes1r@google.co.uk,E00OgF1drxzc,http://dummyimage.com/161x100.png/5fa2dd/ffffff
65,Tod,Birdall,tbirdall1s@linkedin.com,D6522Rfgfg,http://dummyimage.com/141x100.png/5fa2dd/ffffff
66,Jeromy,Holworth,jholworth1t@newyorker.com,L9gHlG,http://dummyimage.com/150x100.png/cc0000/ffffff
67,Quinn,Cartan,qcartan1u@home.pl,ZpBV7bmRYpbH,http://dummyimage.com/103x100.png/cc0000/ffffff
68,Perice,Bolles,pbolles1v@jiathis.com,u0KyqIKMaGb8,http://dummyimage.com/234x100.png/cc0000/ffffff
69,Darline,Domeny,ddomeny1w@wikipedia.org,GXitdPlqMd,http://dummyimage.com/168x100.png/dddddd/000000
70,Sigismond,Piller,spiller1x@dailymail.co.uk,PKVI0dXfZ,http://dummyimage.com/180x100.png/ff4444/ffffff
71,Juieta,Poytress,jpoytress1y@elpais.com,ruDHFdiL,http://dummyimage.com/214x100.png/ff4444/ffffff
72,Reinold,Heintze,rheintze1z@elpais.com,k6FJBTxHdRxL,http://dummyimage.com/195x100.png/ff4444/ffffff
73,Clio,Wathey,cwathey20@bizjournals.com,y7jGszWV5,http://dummyimage.com/242x100.png/cc0000/ffffff
74,Ware,Morfell,wmorfell21@cdbaby.com,iLZ3wlrmQ8mf,http://dummyimage.com/105x100.png/5fa2dd/ffffff
75,Marcelo,Couttes,mcouttes22@cafepress.com,cOAjZW,http://dummyimage.com/186x100.png/ff4444/ffffff
76,Avram,MacTeague,amacteague23@nationalgeographic.com,6pA8Evxat,http://dummyimage.com/216x100.png/ff4444/ffffff
77,Hali,Hosten,hhosten24@canalblog.com,nSX6IqE7RqNW,http://dummyimage.com/117x100.png/dddddd/000000
78,Luke,Slyne,lslyne25@sphinn.com,fUmMTSWb8l,http://dummyimage.com/203x100.png/ff4444/ffffff
79,Nicholle,Pickrill,npickrill26@ifeng.com,ctfvtl,http://dummyimage.com/182x100.png/5fa2dd/ffffff
80,Gwendolin,Dowdeswell,gdowdeswell27@howstuffworks.com,C13RaLmcv,http://dummyimage.com/166x100.png/ff4444/ffffff
81,Ruggiero,Freschi,rfreschi28@ft.com,BmKrN4tBntb,http://dummyimage.com/167x100.png/cc0000/ffffff
82,Orion,Broadhurst,obroadhurst29@about.me,98aAJds,http://dummyimage.com/225x100.png/dddddd/000000
83,Leif,Renison,lrenison2a@ocn.ne.jp,RDTvEOGrgN,http://dummyimage.com/122x100.png/ff4444/ffffff
84,Patten,Kilmister,pkilmister2b@google.com.br,FJxrLuT37HB,http://dummyimage.com/241x100.png/cc0000/ffffff
85,Wadsworth,Giveen,wgiveen2c@biglobe.ne.jp,IjxWzPYI,http://dummyimage.com/177x100.png/cc0000/ffffff
86,Mignon,Boswell,mboswell2d@netlog.com,0AWFOIEk,http://dummyimage.com/130x100.png/dddddd/000000
87,Ashil,Currington,acurrington2e@seesaa.net,R9lldTuKCsV1,http://dummyimage.com/196x100.png/dddddd/000000
88,Venus,Borer,vborer2f@yelp.com,w6lt48WUNZ3,http://dummyimage.com/113x100.png/cc0000/ffffff
89,Peyton,Bagnell,pbagnell2g@nature.com,Ru8PYJcy,http://dummyimage.com/116x100.png/5fa2dd/ffffff
90,Fayina,Camis,fcamis2h@merriam-webster.com,AtTkgTM9N,http://dummyimage.com/225x100.png/dddddd/000000
91,Kippy,Haffard,khaffard2i@phpbb.com,DDeZ8Di0,http://dummyimage.com/186x100.png/cc0000/ffffff
92,Gaby,Vieyra,gvieyra2j@yelp.com,RbxnvGL,http://dummyimage.com/207x100.png/dddddd/000000
93,Alberta,Kinnard,akinnard2k@slashdot.org,WTKUq7ewd,http://dummyimage.com/222x100.png/5fa2dd/ffffff
94,Marsh,Winterborne,mwinterborne2l@php.net,3apsKt,http://dummyimage.com/134x100.png/5fa2dd/ffffff
95,Cross,Cutcliffe,ccutcliffe2m@simplemachines.org,OTohSPn,http://dummyimage.com/166x100.png/5fa2dd/ffffff
96,Joli,Letchford,jletchford2n@sfgate.com,KMZAJToPWYIp,http://dummyimage.com/127x100.png/cc0000/ffffff
97,Sasha,Millard,smillard2o@youtu.be,P6AJVw,http://dummyimage.com/191x100.png/5fa2dd/ffffff
98,Carissa,Delos,cdelos2p@weibo.com,M046xq,http://dummyimage.com/182x100.png/ff4444/ffffff
99,Peggi,Clougher,pclougher2q@utexas.edu,SPgsLx8C,http://dummyimage.com/221x100.png/dddddd/000000
100,Park,Seeborne,pseeborne2r@hhs.gov,fJIPNY1swOx,http://dummyimage.com/128x100.png/cc0000/ffffff
