1,Nam nulla.,2021/04/15,O'Cannan,1,1
2,"Vivamus vel nulla eget eros elementum pellentesque. Quisque porta volutpat erat. Quisque erat eros, viverra eget, congue eget, semper rutrum, nulla. Nunc purus.",2021/04/15,Creaser,2,1
3,"Vestibulum ac est lacinia nisi venenatis tristique. Fusce congue, diam id ornare imperdiet, sapien urna pretium nisl, ut volutpat sapien arcu sed augue. Aliquam erat volutpat.",2021/04/15,Bischoff,3,1
4,Vestibulum ante ipsum primis in faucibus orci luctus et ultrices posuere cubilia Curae; Duis faucibus accumsan odio. Curabitur convallis.,2021/04/15,Bird,1,1
5,Vestibulum sed magna at nunc commodo placerat.,2021/04/15,Rummins,1,2
6,Mauris lacinia sapien quis libero. Nullam sit amet turpis elementum ligula vehicula consequat. Morbi a ipsum. Integer a nibh. In quis justo.,2021/04/15,Demare,3,2
7,Vivamus in felis eu sapien cursus vestibulum.,2021/04/15,Dosdale,2,2
8,Duis at velit eu est congue elementum.,2021/04/15,Bewshire,8,8
9,Suspendisse potenti. In eleifend quam a odio. In hac habitasse platea dictumst. Maecenas ut massa quis augue luctus tincidunt.,2021/04/15,Moylane,4,3
10,"Donec quis orci eget orci vehicula condimentum. Curabitur in libero ut massa volutpat convallis. Morbi odio odio, elementum eu, interdum eu, tincidunt in, leo.",2021/04/15,Wilprecht,4,3
11,"Duis bibendum, felis sed interdum venenatis, turpis enim blandit mi, in porttitor pede justo eu massa. Donec dapibus.",2021/04/15,Keasey,5,3
12,"Proin at turpis a pede posuere nonummy. Integer non velit. Donec diam neque, vestibulum eget, vulputate ut, ultrices vel, augue. Vestibulum ante ipsum primis in faucibus orci luctus et ultrices posuere cubilia Curae; Donec pharetra, magna vestibulum aliquet ultrices, erat tortor sollicitudin mi, sit amet lobortis sapien sapien non mi. Integer ac neque.",2021/04/15,Stollen,3,3
13,Integer ac neque. Duis bibendum. Morbi non quam nec dui luctus rutrum.,2021/04/15,Cordobes,1,4
14,Ut at dolor quis odio consequat varius. Integer ac leo.,2021/04/15,Dowry,1,4
15,Sed accumsan felis.,2021/04/15,Klauber,2,4
16,Proin interdum mauris non ligula pellentesque ultrices.,2021/04/15,Blesli,3,4
17,"Nam congue, risus semper porta volutpat, quam pede lobortis ligula, sit amet eleifend pede libero quis orci. Nullam molestie nibh in lectus.",2021/04/15,Kurth,2,4
18,"Morbi ut odio. Cras mi pede, malesuada in, imperdiet et, commodo vulputate, justo. In blandit ultrices enim. Lorem ipsum dolor sit amet, consectetuer adipiscing elit.",2021/04/15,Rowlands,18,5
19,"Mauris ullamcorper purus sit amet nulla. Quisque arcu libero, rutrum ac, lobortis vel, dapibus at, diam.",2021/04/15,Ellerington,19,5
20,Aliquam non mauris. Morbi non lectus.,2021/04/15,Hacquard,20,5
